"Path","Platform","Compiled","Cooked","Permutations","Compiletime","CompiledDouble","CookedDouble"
"/ControlRig/Controls/ControlRigGizmoMaterial.ControlRigGizmoMaterial","0","0","4","1","0.000000","0","0"
"/Engine/EngineDebugMaterials/DebugEditorMaterial.DebugEditorMaterial","0","0","8","1","0.000000","0","0"
"/MeshModelingToolset/Materials/M_DynamicMeshComponentVtxColor.M_DynamicMeshComponentVtxColor","0","0","20","1","0.000000","0","0"
"/Engine/EngineMaterials/GizmoMaterial.GizmoMaterial","0","0","8","1","0.000000","0","0"
"/Engine/EngineMaterials/RemoveSurfaceMaterial.RemoveSurfaceMaterial","0","0","4","1","0.000000","0","0"
"/Engine/EngineMaterials/NaniteHiddenSectionMaterial.NaniteHiddenSectionMaterial","0","0","29","1","0.000000","0","0"
"/ControlRig/Controls/ControlRigXRayMaterial.ControlRigXRayMaterial","0","0","9","1","0.000000","0","0"
"/Engine/EditorMaterials/PhAT_NoCollisionMaterial.PhAT_NoCollisionMaterial","0","0","3","1","0.000000","0","0"
"/Engine/EditorMaterials/PhAT_UnselectedMaterial.PhAT_UnselectedMaterial","0","0","3","1","0.000000","0","0"
"/Engine/EngineDebugMaterials/DebugMeshMaterial.DebugMeshMaterial","0","0","5","1","0.000000","0","0"
"/Engine/EditorLandscapeResources/SplineEditorMeshMat.SplineEditorMeshMat","0","0","14","1","0.000000","0","0"
"/Engine/EngineDebugMaterials/M_SimpleUnlitTranslucent.M_SimpleUnlitTranslucent","0","0","3","1","0.000000","0","0"
"/Engine/EditorMaterials/Camera/CineMat.CineMat","0","0","26","1","0.000000","0","0"
"/Engine/VREditor/TransformGizmo/Xray.Xray","0","0","14","1","0.000000","0","0"
"/Engine/EngineMaterials/DefaultLightFunctionMaterial.DefaultLightFunctionMaterial","0","0","36","1","0.000000","0","0"
"/Engine/VREditor/TransformGizmo/Main.Main","0","0","3","1","0.000000","0","0"
"/Engine/VREditor/TransformGizmo/TranslucentTransformGizmoMaterial.TranslucentTransformGizmoMaterial","0","0","3","1","0.000000","0","0"
"/Game/StarterContent/Particles/Materials/m_flare_01.m_flare_01","0","0","12","1","0.000000","0","0"
"/Game/StarterContent/Materials/M_Glass.M_Glass","0","0","33","1","0.000000","0","0"
"/Game/StarterContent/Materials/M_Basic_Wall.M_Basic_Wall","0","0","27","1","0.000000","0","0"
"/Game/StarterContent/Materials/M_Basic_Floor.M_Basic_Floor","0","0","23","1","0.000000","0","0"
"/Game/StarterContent/Materials/M_AssetPlatform.M_AssetPlatform","0","0","23","1","0.000000","0","0"
"/Game/StarterContent/Blueprints/Assets/M_LightStage_Arrows.M_LightStage_Arrows","0","0","4","1","0.000000","0","0"
"/Game/ParagonMurdock/FX/Materials/Flares/M_Tri_Test.M_Tri_Test","0","0","65","1","0.000000","0","0"
"/Game/ParagonMurdock/Characters/Maps/BackGroundAssets/M_AssetPlatform.M_AssetPlatform","0","0","23","1","0.000000","0","0"
"/Game/LevelPrototyping/Materials/M_Solid.M_Solid","0","0","26","1","0.000000","0","0"
"/Game/FPWeapon/Materials/BaseMaterial.BaseMaterial","0","0","35","1","0.000000","0","0"
"/Game/standardSurface1.standardSurface1","0","0","14","1","0.000000","0","0"
"/Engine/BasicShapes/BasicShapeMaterial.BasicShapeMaterial","0","0","67","1","0.000000","0","0"
"/Engine/EditorMeshes/ColorCalibrator/M_GreyBall.M_GreyBall","0","0","35","1","0.000000","0","0"
"/Engine/EngineSky/M_SimpleSkyDome.M_SimpleSkyDome","0","0","4","1","0.000000","0","0"
"/Engine/EngineMaterials/FlattenMaterial.FlattenMaterial","0","0","35","1","0.000000","0","0"
"/Engine/EngineMaterials/M_InvalidLightmapSettings.M_InvalidLightmapSettings","0","0","28","1","0.000000","0","0"
"/Engine/EditorMeshes/ColorCalibrator/M_ClearCoat.M_ClearCoat","0","0","23","1","0.000000","0","0"
"/Engine/EditorMeshes/ColorCalibrator/M_ChromeBall.M_ChromeBall","0","0","35","1","0.000000","0","0"
"/Engine/EditorMeshes/ColorCalibrator/M_ClearCoatBlack.M_ClearCoatBlack","0","0","23","1","0.000000","0","0"
"/Engine/TemplateResources/M_Template_Master.M_Template_Master","0","0","35","1","0.000000","0","0"
"/Engine/EngineMaterials/FlattenMaterial_WS_Normal_VT.FlattenMaterial_WS_Normal_VT","0","0","35","1","0.000000","0","0"
"/Engine/EngineMaterials/FlattenMaterial_VT.FlattenMaterial_VT","0","0","35","1","0.000000","0","0"
"/Engine/EngineMaterials/EmissiveMeshMaterial.EmissiveMeshMaterial","0","0","5","1","0.000000","0","0"
"/Engine/EngineMaterials/PhAT_JointLimitMaterial.PhAT_JointLimitMaterial","0","0","9","1","0.000000","0","0"
"/ControlRig/M_Manip.M_Manip","0","0","9","1","0.000000","0","0"
"/Paper2D/DefaultSpriteMaterial.DefaultSpriteMaterial","0","0","50","2","0.000000","0","0"
"/Engine/EngineMaterials/DefaultPostProcessMaterial.DefaultPostProcessMaterial","0","0","6","1","0.000000","0","0"
"/Engine/EngineMaterials/DefaultDeferredDecalMaterial.DefaultDeferredDecalMaterial","0","0","87","1","0.000000","0","0"
"/Engine/EngineMaterials/DefaultMaterial.DefaultMaterial","0","0","127","1","0.000000","0","0"
"/Engine/EngineMaterials/DefaultTextMaterialOpaque.DefaultTextMaterialOpaque","0","0","31","1","0.000000","0","0"
"/Game/StarterContent/Particles/Materials/M_Heat_Distortion.M_Heat_Distortion","0","0","21","1","0.000000","0","0"
"/Game/StarterContent/Particles/Materials/M_Spark.M_Spark","0","0","9","1","0.000000","0","0"
"/Game/StarterContent/Props/Materials/M_Statue.M_Statue","0","0","23","1","0.000000","0","0"
"/Game/StarterContent/Particles/Materials/M_smoke_subUV.M_smoke_subUV","0","0","54","1","0.000000","0","0"
"/Engine/EngineMaterials/Widget3DPassThrough.Widget3DPassThrough","0","0","58","6","0.000000","0","3"
"/Engine/EngineDebugMaterials/M_VolumeRenderSphereTracePP.M_VolumeRenderSphereTracePP","0","0","4","1","0.000000","0","0"
"/Engine/VREditor/TransformGizmo/TransformGizmoMaterial.TransformGizmoMaterial","0","0","4","1","0.000000","0","0"
"/Engine/EngineMaterials/WorldGridMaterial.WorldGridMaterial","0","0","677","1","0.000000","0","0"
"/Game/StarterContent/Props/Materials/M_TableRound.M_TableRound","0","0","23","1","0.000000","0","0"
"/Game/StarterContent/Props/Materials/M_StatueGlass.M_StatueGlass","0","0","33","1","0.000000","0","0"
"/Game/StarterContent/Particles/Materials/M_Fire_SubUV.M_Fire_SubUV","0","0","9","1","0.000000","0","0"
"/Game/StarterContent/Materials/M_Concrete_Grime.M_Concrete_Grime","0","0","23","1","0.000000","0","0"
"/Game/StarterContent/Materials/M_CobbleStone_Smooth.M_CobbleStone_Smooth","0","0","23","1","0.000000","0","0"
"/Game/StarterContent/Materials/M_Metal_Copper.M_Metal_Copper","0","0","23","1","0.000000","0","0"
"/Game/StarterContent/Materials/M_Metal_Chrome.M_Metal_Chrome","0","0","23","1","0.000000","0","0"
"/Game/StarterContent/Props/Materials/M_Shelf.M_Shelf","0","0","23","1","0.000000","0","0"
"/Game/StarterContent/Materials/M_Wood_Floor_Walnut_Polished.M_Wood_Floor_Walnut_Polished","0","0","23","1","0.000000","0","0"
"/Game/StarterContent/Materials/M_Water_Lake.M_Water_Lake","0","0","23","1","0.000000","0","0"
"/Game/StarterContent/Materials/M_Rock_Marble_Polished.M_Rock_Marble_Polished","0","0","23","1","0.000000","0","0"
"/Game/StarterContent/Materials/M_Wood_Walnut.M_Wood_Walnut","0","0","23","1","0.000000","0","0"
"/Game/StarterContent/Materials/M_Wood_Pine.M_Wood_Pine","0","0","23","1","0.000000","0","0"
"/Game/StarterContent/Materials/M_Wood_Oak.M_Wood_Oak","0","0","23","1","0.000000","0","0"
"/Game/StarterContent/Materials/M_Tech_Panel.M_Tech_Panel","0","0","23","1","0.000000","0","0"
"/Game/StarterContent/Materials/M_Tech_Hex_Tile_Pulse.M_Tech_Hex_Tile_Pulse","0","0","23","1","0.000000","0","0"
"/Game/StarterContent/Materials/M_Rock_Slate.M_Rock_Slate","0","0","23","1","0.000000","0","0"
"/Game/StarterContent/Materials/M_Rock_Sandstone.M_Rock_Sandstone","0","0","23","1","0.000000","0","0"
"/Game/StarterContent/Materials/M_Rock_Basalt.M_Rock_Basalt","0","0","23","1","0.000000","0","0"
"/Game/StarterContent/Materials/M_Metal_Steel.M_Metal_Steel","0","0","23","1","0.000000","0","0"
"/Game/StarterContent/Materials/M_Metal_Gold.M_Metal_Gold","0","0","23","1","0.000000","0","0"
"/Game/StarterContent/Materials/M_Metal_Burnished_Steel.M_Metal_Burnished_Steel","0","0","23","1","0.000000","0","0"
"/Game/StarterContent/Materials/M_Metal_Brushed_Nickel.M_Metal_Brushed_Nickel","0","0","23","1","0.000000","0","0"
"/Game/StarterContent/Props/Materials/M_Lamp.M_Lamp","0","0","23","1","0.000000","0","0"
"/Game/StarterContent/Materials/M_Ground_Moss.M_Ground_Moss","0","0","23","1","0.000000","0","0"
"/Game/StarterContent/Materials/M_Ground_Gravel.M_Ground_Gravel","0","0","23","1","0.000000","0","0"
"/Game/StarterContent/Materials/M_Ground_Grass.M_Ground_Grass","0","0","23","1","0.000000","0","0"
"/Game/StarterContent/Props/Materials/M_Frame.M_Frame","0","0","23","1","0.000000","0","0"
"/Game/StarterContent/Particles/Materials/M_explosion_subUV.M_explosion_subUV","0","0","9","1","0.000000","0","0"
"/Game/StarterContent/Particles/Materials/M_Dust_Particle.M_Dust_Particle","0","0","72","1","0.000000","0","0"
"/Game/StarterContent/Props/Materials/M_Door.M_Door","0","0","23","1","0.000000","0","0"
"/Game/StarterContent/Materials/M_Concrete_Tiles.M_Concrete_Tiles","0","0","23","1","0.000000","0","0"
"/Game/StarterContent/Materials/M_Concrete_Poured.M_Concrete_Poured","0","0","23","1","0.000000","0","0"
"/Game/StarterContent/Materials/M_Concrete_Panels.M_Concrete_Panels","0","0","23","1","0.000000","0","0"
"/Game/StarterContent/Materials/M_CobbleStone_Rough.M_CobbleStone_Rough","0","0","23","1","0.000000","0","0"
"/Game/StarterContent/Materials/M_CobbleStone_Pebble.M_CobbleStone_Pebble","0","0","23","1","0.000000","0","0"
"/Game/StarterContent/Materials/M_Tech_Checker_Dot.M_Tech_Checker_Dot","0","0","23","1","0.000000","0","0"
"/Game/StarterContent/Props/Materials/M_Chair.M_Chair","0","0","23","1","0.000000","0","0"
"/Game/StarterContent/Materials/M_Ceramic_Tile_Checker.M_Ceramic_Tile_Checker","0","0","23","1","0.000000","0","0"
"/Game/StarterContent/Props/Materials/M_Bush.M_Bush","0","0","44","1","0.000000","0","0"
"/Game/StarterContent/Particles/Materials/M_Burst.M_Burst","0","0","15","1","0.000000","0","0"
"/Game/StarterContent/Materials/M_Brick_Hewn_Stone.M_Brick_Hewn_Stone","0","0","23","1","0.000000","0","0"
"/Game/StarterContent/Materials/M_Brick_Cut_Stone.M_Brick_Cut_Stone","0","0","23","1","0.000000","0","0"
"/Game/StarterContent/Materials/M_Brick_Clay_Old.M_Brick_Clay_Old","0","0","23","1","0.000000","0","0"
"/Game/StarterContent/Materials/M_Brick_Clay_New.M_Brick_Clay_New","0","0","23","1","0.000000","0","0"
"/Game/StarterContent/Materials/M_Brick_Clay_Beveled.M_Brick_Clay_Beveled","0","0","23","1","0.000000","0","0"
"/Game/ParagonMurdock/FX/Materials/Flares/M_Lensflare_TB_SoftGlow.M_Lensflare_TB_SoftGlow","0","0","9","1","0.000000","0","0"
"/Game/ParagonMurdock/FX/Textures/Tile/Heat/T_2ndInfectedMapLinear_Mat.T_2ndInfectedMapLinear_Mat","0","0","14","1","0.000000","0","0"
"/Game/ParagonMurdock/FX/Materials/Sparks/M_Hotdog_Spark_VLerp_Rand_Master.M_Hotdog_Spark_VLerp_Rand_Master","0","0","9","1","0.000000","0","0"
"/Game/ParagonMurdock/FX/Materials/Water/M_WaterImpact_Strand_Masked.M_WaterImpact_Strand_Masked","0","0","112","1","0.000000","0","0"
"/Game/ParagonMurdock/FX/Materials/Smoke/DirectionalLit/M_ResidualMuzzleSmoke_Master.M_ResidualMuzzleSmoke_Master","0","0","72","1","0.000000","0","0"
"/Game/ParagonMurdock/FX/Materials/Smoke/M_SoftSmoke_FakeLit2.M_SoftSmoke_FakeLit2","0","0","54","1","0.000000","0","0"
"/Game/ParagonMurdock/FX/Materials/Debris/M_Invis_Debris.M_Invis_Debris","0","0","74","1","0.000000","0","0"
"/Game/ParagonMurdock/FX/Materials/Sparks/M_Spark_VelocityLerp.M_Spark_VelocityLerp","0","0","36","1","0.000000","0","0"
"/Game/ParagonMurdock/FX/Materials/Sparks/M_Pellets_InvisMoving.M_Pellets_InvisMoving","0","0","27","1","0.000000","0","0"
"/Game/ParagonMurdock/FX/Materials/Sparks/M_Hotdog_VLerp_DirectionTint.M_Hotdog_VLerp_DirectionTint","0","0","27","1","0.000000","0","0"
"/Game/ParagonMurdock/Characters/Maps/BackGroundAssets/HDRSky.HDRSky","0","0","4","1","0.000000","0","0"
"/Game/ParagonMurdock/FX/Materials/Sparks/M_Hotdog_Spark_VLerp_MASTER.M_Hotdog_Spark_VLerp_MASTER","0","0","9","1","0.000000","0","0"
"/Game/ParagonMurdock/FX/Materials/Smoke/Hyperbreach/M_Smoke_Particles_SubUV2.M_Smoke_Particles_SubUV2","0","0","72","1","0.000000","0","0"
"/Game/ParagonMurdock/FX/Materials/Smoke/M_LingerSmoke_MasterAdditiveWarp_Simple.M_LingerSmoke_MasterAdditiveWarp_Simple","0","0","72","1","0.000000","0","0"
"/Game/ParagonMurdock/FX/Materials/Smoke/M_InvisSmoke_MasterAdditiveWarp.M_InvisSmoke_MasterAdditiveWarp","0","0","74","1","0.000000","0","0"
"/Game/ParagonMurdock/FX/Materials/HeroSpecific/M_Shield_Hexes_Break.M_Shield_Hexes_Break","0","0","44","1","0.000000","0","0"
"/Game/ParagonMurdock/FX/Materials/Flares/M_Rocket_Flair2.M_Rocket_Flair2","0","0","9","1","0.000000","0","0"
"/Game/ParagonMurdock/FX/Materials/Flares/M_Lensflare_TB_Soft.M_Lensflare_TB_Soft","0","0","9","1","0.000000","0","0"
"/Game/ParagonMurdock/FX/Materials/Smoke/M_Minion_Smoke_MacroUV.M_Minion_Smoke_MacroUV","0","0","9","1","0.000000","0","0"
"/Game/ParagonMurdock/FX/Materials/Smoke/M_Minion_Smoke.M_Minion_Smoke","0","0","9","1","0.000000","0","0"
"/Game/ParagonMurdock/FX/Materials/Smoke/M_InvisSmoke_Master.M_InvisSmoke_Master","0","0","36","1","0.000000","0","0"
"/Game/ParagonMurdock/FX/Materials/HeroSpecific/M_Shield_Rays.M_Shield_Rays","0","0","36","1","0.000000","0","0"
"/Game/ParagonMurdock/FX/Materials/Flares/M_PH_Orb_FlatFlareEdge.M_PH_Orb_FlatFlareEdge","0","0","12","1","0.000000","0","0"
"/Game/ParagonMurdock/FX/Materials/Smoke/DirectionalLit/M_Directional_Lit_Depth_Smoke_SubUV_8X8.M_Directional_Lit_Depth_Smoke_SubUV_8X8","0","0","72","1","0.000000","0","0"
"/Game/ParagonMurdock/FX/Materials/Smoke/M_ThickSmoke_MASTER.M_ThickSmoke_MASTER","0","0","54","1","0.000000","0","0"
"/Game/ParagonMurdock/FX/Materials/Flares/M_Explo_Rays.M_Explo_Rays","0","0","36","1","0.000000","0","0"
"/Game/ParagonMurdock/FX/Materials/Flares/M_AddGlow.M_AddGlow","0","0","18","2","0.000000","0","0"
"/Game/ParagonMurdock/FX/CineRescue/es060/M_Smoke.M_Smoke","0","0","72","1","0.000000","0","0"
"/Game/NecrosUtilityMatPack/materials/roof/masters/m_spanishtile.m_spanishtile","0","0","108","4","0.000000","0","27"
"/Game/NecrosUtilityMatPack/materials/misc/masters/m_tarp.m_tarp","0","0","23","1","0.000000","0","0"
"/Game/ParagonMurdock/Characters/Heroes/Murdock/Skins/Tier2/Corrupt/Textures/T_ArmSkin_Mat.T_ArmSkin_Mat","0","0","31","1","0.000000","0","0"
"/Game/NecrosUtilityMatPack/materials/wall/masters/m_travertine_interlocking.m_travertine_interlocking","0","0","23","1","0.000000","0","0"
"/Game/NecrosUtilityMatPack/materials/roof/masters/m_roundshingles.m_roundshingles","0","0","69","3","0.000000","0","0"
"/Game/NecrosUtilityMatPack/materials/misc/masters/m_crackedmud.m_crackedmud","0","0","23","1","0.000000","0","0"
"/Game/NecrosUtilityMatPack/materials/wall/masters/m_washedconcrete.m_washedconcrete","0","0","23","1","0.000000","0","0"
"/Game/NecrosUtilityMatPack/materials/wall/masters/m_travertine_rectangular_staggered.m_travertine_rectangular_staggered","0","0","23","1","0.000000","0","0"
"/Game/NecrosUtilityMatPack/materials/wall/masters/m_concrete.m_concrete","0","0","23","1","0.000000","0","0"
"/Game/NecrosUtilityMatPack/materials/floor/masters/m_caliche_02.m_caliche_02","0","0","23","1","0.000000","0","0"
"/Game/NecrosUtilityMatPack/materials/floor/masters/m_asphalt.m_asphalt","0","0","23","1","0.000000","0","0"
"/Engine/EngineMaterials/PPM_DefaultCalibrationGrayscale.PPM_DefaultCalibrationGrayscale","0","0","4","1","0.000000","0","0"
"/Engine/EngineMaterials/PPM_DefaultCalibrationColor.PPM_DefaultCalibrationColor","0","0","4","1","0.000000","0","0"
"/Engine/EditorMaterials/PreviewShadowIndicatorMaterial.PreviewShadowIndicatorMaterial","0","0","36","1","0.000000","0","0"
"/Engine/EngineSky/M_Sky_Panning_Clouds2.M_Sky_Panning_Clouds2","0","0","4","1","0.000000","0","0"
"/Game/StarterContent/Props/Materials/M_Rock.M_Rock","0","0","23","1","0.000000","0","0"
"/Game/StarterContent/Particles/Materials/M_radial_ramp.M_radial_ramp","0","0","12","1","0.000000","0","0"
"/Game/ParagonMurdock/FX/Materials/HeroSpecific/M_Trap_Boundary_Sphere_Offset.M_Trap_Boundary_Sphere_Offset","0","0","14","1","0.000000","0","0"
"/Game/ParagonMurdock/FX/Materials/HeroSpecific/M_Shield_Startup_Hex.M_Shield_Startup_Hex","0","0","36","1","0.000000","0","0"
"/Game/ParagonMurdock/FX/Materials/Flares/M_Lensflare_TB_Soft_LDR2HDR.M_Lensflare_TB_Soft_LDR2HDR","0","0","24","2","0.000000","0","0"
"/Game/ParagonMurdock/FX/Materials/Sparks/M_Spark_VelocityLerp_WorldColor.M_Spark_VelocityLerp_WorldColor","0","0","36","1","0.000000","0","0"
"/Game/ParagonMurdock/FX/Materials/Smoke/Hyperbreach/M_Smoke_Offset_Particles_SubUV_UNLIT.M_Smoke_Offset_Particles_SubUV_UNLIT","0","0","36","1","0.000000","0","0"
"/Game/NecrosUtilityMatPack/materials/floor/masters/m_ceramic_floor_tile.m_ceramic_floor_tile","0","0","46","2","0.000000","0","69"
"/Game/StarterContent/Materials/M_Water_Ocean.M_Water_Ocean","0","0","23","1","0.000000","0","0"
"/Game/StarterContent/Materials/M_Tech_Hex_Tile.M_Tech_Hex_Tile","0","0","23","1","0.000000","0","0"
"/Game/StarterContent/Materials/M_Metal_Rust.M_Metal_Rust","0","0","23","1","0.000000","0","0"
"/Game/ParagonMurdock/FX/Materials/Water/M_Water_Drops_Master.M_Water_Drops_Master","0","0","12","1","0.000000","0","0"
"/Game/ParagonMurdock/FX/Materials/Water/M_WaterImpact_Cylinder.M_WaterImpact_Cylinder","0","0","50","1","0.000000","0","0"
"/Game/NecrosUtilityMatPack/materials/wall/masters/m_concreteblock.m_concreteblock","0","0","46","2","0.000000","0","0"
"/Game/NecrosUtilityMatPack/materials/misc/masters/m_inferno.m_inferno","0","0","46","2","0.000000","0","23"
"/Game/NecrosUtilityMatPack/materials/floor/masters/m_diamond_pattern.m_diamond_pattern","0","0","23","1","0.000000","0","0"
"/Game/NecrosUtilityMatPack/materials/floor/masters/m_concrete_floor_panels.m_concrete_floor_panels","0","0","174","2","0.000000","0","4290"
"/Game/StarterContent/Particles/Materials/M_Radial_Gradient.M_Radial_Gradient","0","0","12","1","0.000000","0","0"
"/Game/StarterContent/Materials/M_Wood_Floor_Walnut_Worn.M_Wood_Floor_Walnut_Worn","0","0","23","1","0.000000","0","0"
"/Game/StarterContent/Materials/M_ColorGrid_LowSpec.M_ColorGrid_LowSpec","0","0","23","1","0.000000","0","0"
"/Game/StarterContent/Blueprints/Assets/M_LightStage_Skybox_Master.M_LightStage_Skybox_Master","0","0","8","2","0.000000","0","0"
"/Game/ParagonMurdock/FX/Materials/HeroSpecific/M_Murdock_HotPursuit_RedBlueTrail.M_Murdock_HotPursuit_RedBlueTrail","0","0","20","1","0.000000","0","0"
"/Game/ParagonMurdock/FX/Materials/Environment/Water/M_WaterRipple_Mesh_Foam.M_WaterRipple_Mesh_Foam","0","0","106","1","0.000000","0","0"
"/Game/ParagonMurdock/FX/Materials/Tech/M_Holo_Display_02_FlickerIn.M_Holo_Display_02_FlickerIn","0","0","20","1","0.000000","0","0"
"/Game/ParagonMurdock/FX/Materials/Smoke/Hyperbreach/M_Smoke_Offset_Particles_SubUV_LIT.M_Smoke_Offset_Particles_SubUV_LIT","0","0","98","1","0.000000","0","0"
"/Game/ParagonMurdock/FX/Materials/Smoke/Hyperbreach/M_Smoke_Offset_Particles_SubUV_Details_UNLIT.M_Smoke_Offset_Particles_SubUV_Details_UNLIT","0","0","36","1","0.000000","0","0"
"/Game/ParagonMurdock/FX/Materials/Smoke/Hyperbreach/M_Smoke_Offset_Particles_SubUV_Details_TightDepth_UNLIT.M_Smoke_Offset_Particles_SubUV_Details_TightDepth_UNLIT","0","0","36","1","0.000000","0","0"
"/Game/ParagonMurdock/FX/Materials/Shells/M_SpreadShot_Shell_Eject.M_SpreadShot_Shell_Eject","0","0","26","1","0.000000","0","0"
"/Game/ParagonMurdock/FX/Materials/Shells/M_Plasma_Shot_Shell.M_Plasma_Shot_Shell","0","0","38","1","0.000000","0","0"
"/Game/ParagonMurdock/FX/Materials/MuzzleFlashes/M_Murdock_Muzzle.M_Murdock_Muzzle","0","0","15","1","0.000000","0","0"
"/Game/ParagonMurdock/FX/Materials/MuzzleFlashes/M_MurdockMuzzle_02.M_MurdockMuzzle_02","0","0","12","1","0.000000","0","0"
"/Game/ParagonMurdock/FX/Materials/HeroSpecific/M_Trap_Boundary_Deploy.M_Trap_Boundary_Deploy","0","0","10","1","0.000000","0","0"
"/Game/ParagonMurdock/FX/Materials/HeroSpecific/M_Trap_Beams.M_Trap_Beams","0","0","6","1","0.000000","0","0"
"/Game/ParagonMurdock/FX/Materials/HeroSpecific/M_Eleven_Glow_Length.M_Eleven_Glow_Length","0","0","20","1","0.000000","0","0"
"/Game/ParagonMurdock/FX/Materials/HeroSpecific/M_Eleven_Glow_Core_Aim.M_Eleven_Glow_Core_Aim","0","0","10","1","0.000000","0","0"
"/Game/ParagonMurdock/FX/Materials/Flares/M_VerticalFlare_Master.M_VerticalFlare_Master","0","0","9","1","0.000000","0","0"
"/Game/ParagonMurdock/FX/Materials/Flares/M_SuperSoft_Glow_LDR.M_SuperSoft_Glow_LDR","0","0","12","1","0.000000","0","0"
"/Game/ParagonMurdock/FX/Materials/Flares/M_MuzzleFlare_LDR2HDR.M_MuzzleFlare_LDR2HDR","0","0","12","1","0.000000","0","0"
"/Game/ParagonMurdock/FX/Materials/Flares/M_Murdock_Muzzle_Flash.M_Murdock_Muzzle_Flash","0","0","15","1","0.000000","0","0"
"/Game/ParagonMurdock/FX/Materials/Flares/M_LDR2HDR_Flare_Add.M_LDR2HDR_Flare_Add","0","0","9","1","0.000000","0","0"
"/Game/ParagonMurdock/FX/Materials/Flares/M_CleanseFlare.M_CleanseFlare","0","0","15","1","0.000000","0","0"
"/Game/ParagonMurdock/FX/Materials/Explosions/Hyperbreach/M_Fireball_Directional_Lit_Master_2.M_Fireball_Directional_Lit_Master_2","0","0","90","1","0.000000","0","0"
"/Game/ParagonMurdock/FX/Materials/Smoke/DirectionalLit/M_Directional_Lit_DepthSmoke_Master.M_Directional_Lit_DepthSmoke_Master","0","0","144","2","0.000000","0","144"
"/Game/ParagonMurdock/FX/Materials/HeroSpecific/M_Ult_Bullet_Pyramid.M_Ult_Bullet_Pyramid","0","0","10","1","0.000000","0","0"
"/Game/ParagonMurdock/FX/Materials/Chroma/M_SphereChromaWisps.M_SphereChromaWisps","0","0","21","1","0.000000","0","0"
"/Engine/EngineMaterials/AntiAliasedTextMaterialTranslucent.AntiAliasedTextMaterialTranslucent","0","0","20","1","0.000000","0","0"
"/Engine/EngineMaterials/DefaultParticle.DefaultParticle","0","0","104","1","0.000000","0","0"
"/Engine/EditorMeshes/ColorCalibrator/M_ColorGrid.M_ColorGrid","0","0","35","1","0.000000","0","0"
"/Engine/MapTemplates/Sky/M_Procedural_Sky_MASTER02.M_Procedural_Sky_MASTER02","0","0","23","1","0.000000","0","0"
"/Game/ParagonMurdock/FX/Materials/Water/Hydro/M_Hydro_Water_Particles.M_Hydro_Water_Particles","0","0","112","1","0.000000","0","112"
"/Game/ParagonMurdock/Characters/Heroes/Murdock/Skins/Tier2/Corrupt/Materials/M_Murdock_TearDuct.M_Murdock_TearDuct","0","0","54","1","0.000000","0","0"
"/Engine/VREditor/SnapGrid/SnapGridMaterial.SnapGridMaterial","0","0","10","1","0.000000","0","0"
"/Engine/EngineSky/VolumetricClouds/m_SimpleVolumetricCloud.m_SimpleVolumetricCloud","0","0","68","1","0.000000","0","0"
"/Game/ParagonMurdock/FX/Materials/Flares/m_UltraFlare_Master.m_UltraFlare_Master","0","0","50","2","0.000000","0","0"
"/Game/ParagonMurdock/FX/Materials/Debris/M_Explosion_RockChunks.M_Explosion_RockChunks","0","0","98","1","0.000000","0","0"
"/Game/ParagonMurdock/FX/Materials/Smoke/M_Inky_Smoke_Burst.M_Inky_Smoke_Burst","0","0","35","1","0.000000","0","0"
"/Game/NecrosUtilityMatPack/materials/misc/masters/m_smoothmud.m_smoothmud","0","0","23","1","0.000000","0","0"
"/Game/ParagonMurdock/Characters/Heroes/Murdock/Skins/A_Executioner/Materials/M_CustomExectutionerVisor.M_CustomExectutionerVisor","0","0","58","1","0.000000","0","58"
"/Game/ParagonMurdock/FX/Materials/VolumeFog/M_Fog_SphericalDensity.M_Fog_SphericalDensity","0","0","24","2","0.000000","0","0"
"/Game/NecrosUtilityMatPack/materials/wall/masters/m_stucco.m_stucco","0","0","50","2","0.000000","0","0"
"/Game/NecrosUtilityMatPack/materials/wall/masters/m_oldbrick_01.m_oldbrick_01","0","0","23","1","0.000000","0","0"
"/Game/FPWeapon/Materials/M_FPGun.M_FPGun","0","0","58","1","0.000000","0","0"
"/Game/AnimStarterPack/UE4_Mannequin/Materials/M_UE4Man_Body.M_UE4Man_Body","0","0","116","2","0.000000","0","0"
"/Game/NecrosUtilityMatPack/materials/roof/masters/m_tinroof.m_tinroof","0","0","54","2","0.000000","0","54"
"/Game/NecrosUtilityMatPack/materials/misc/masters/m_paintedrust_01.m_paintedrust_01","0","0","46","2","0.000000","0","69"
"/Game/NecrosUtilityMatPack/materials/floor/masters/m_diamondplate_01.m_diamondplate_01","0","0","92","4","0.000000","0","46"
"/Game/NecrosUtilityMatPack/materials/misc/masters/m_mesh_rock.m_mesh_rock","0","0","46","2","0.000000","0","0"
"/Game/NecrosUtilityMatPack/materials/floor/masters/m_wood_floor_worn.m_wood_floor_worn","0","0","23","1","0.000000","0","23"
"/Game/ParagonMurdock/FX/Materials/HeroSpecific/M_Shield_Hex_Impact.M_Shield_Hex_Impact","0","0","44","1","0.000000","0","0"
"/Game/ParagonMurdock/FX/Materials/HeroSpecific/M_Shield_Hex.M_Shield_Hex","0","0","44","1","0.000000","0","0"
"/Game/ParagonMurdock/FX/Materials/Sparks/M_Hotdog_Spark_VLerp_DOF_Rand_ScaleDistanceMaster.M_Hotdog_Spark_VLerp_DOF_Rand_ScaleDistanceMaster","0","0","27","1","0.000000","0","0"
"/Game/ParagonMurdock/FX/Materials/Sparks/M_Hotdog_Spark_VLerp_DOF_Rand_Master.M_Hotdog_Spark_VLerp_DOF_Rand_Master","0","0","36","1","0.000000","0","0"
"/Game/ParagonMurdock/Characters/Global/Eyes/Materials/M_Eye_Occlusion.M_Eye_Occlusion","0","0","27","1","0.000000","0","27"
"/Game/ParagonMurdock/FX/Materials/Sparks/M_hardSpark_Alpha_GPU_Random.M_hardSpark_Alpha_GPU_Random","0","0","9","1","0.000000","0","0"
"/Game/ParagonMurdock/FX/Meshes/Splines/M_Spline_Preview.M_Spline_Preview","0","0","119","1","0.000000","0","0"
"/Game/ParagonMurdock/FX/Materials/Tech/M_Ghost_Tech_Holo_Spline.M_Ghost_Tech_Holo_Spline","0","0","18","1","0.000000","0","0"
"/Game/NecrosUtilityMatPack/materials/misc/masters/m_leather.m_leather","0","0","23","1","0.000000","0","0"
"/Game/NecrosUtilityMatPack/materials/misc/masters/m_straw_01.m_straw_01","0","0","23","1","0.000000","0","0"
"/Game/NecrosUtilityMatPack/materials/misc/masters/m_rock_01.m_rock_01","0","0","23","1","0.000000","0","0"
"/Game/NecrosUtilityMatPack/materials/floor/masters/m_caliche_01.m_caliche_01","0","0","23","1","0.000000","0","0"
"/Game/ParagonMurdock/FX/Materials/P_Decals/M_Particle_Decal_Glow_Undertow.M_Particle_Decal_Glow_Undertow","0","0","20","1","0.000000","0","0"
"/Game/ParagonMurdock/FX/Materials/HeatDistort/M_SteelImpactRefraction.M_SteelImpactRefraction","0","0","88","1","0.000000","0","0"
"/Game/ParagonMurdock/FX/Materials/HeatDistort/M_Shockwave_Refract.M_Shockwave_Refract","0","0","30","1","0.000000","0","0"
"/Game/ParagonMurdock/FX/Materials/Debris/M_Camera_Small_Bolts.M_Camera_Small_Bolts","0","0","20","1","0.000000","0","0"
"/Game/ParagonMurdock/FX/Materials/Tech/M_Ghost_Tech_Holo_Flicker_Spline_CamFade.M_Ghost_Tech_Holo_Flicker_Spline_CamFade","0","0","36","1","0.000000","0","0"
"/Game/ParagonMurdock/FX/Materials/Tech/M_Ghost_Tech_Holo_Flicker_Spline.M_Ghost_Tech_Holo_Flicker_Spline","0","0","36","1","0.000000","0","0"
"/Game/ParagonMurdock/FX/Materials/Smoke/Spline/M_Smoke_SplineMesh_Trail.M_Smoke_SplineMesh_Trail","0","0","50","1","0.000000","0","0"
"/Game/ParagonMurdock/FX/Materials/Smoke/Trails/M_TrailSmoke.M_TrailSmoke","0","0","60","1","0.000000","0","0"
"/Game/ParagonMurdock/FX/Materials/MuzzleFlashes/M_MurdockShottyMuzzle_01.M_MurdockShottyMuzzle_01","0","0","12","1","0.000000","0","0"
"/Game/ParagonMurdock/FX/Materials/Flares/M_SuperSoft_Glow.M_SuperSoft_Glow","0","0","12","1","0.000000","0","0"
"/Game/ParagonMurdock/FX/Materials/Flares/M_MuzzleFlare.M_MuzzleFlare","0","0","9","1","0.000000","0","0"
"/Engine/EditorMaterials/Thumbnails/SkySphereMaterial.SkySphereMaterial","0","0","23","1","0.000000","0","0"
"/Game/FirstPersonArms/Character/Materials/M_Mannequin.M_Mannequin","0","0","60","2","0.000000","0","30"
"/Game/Characters/Mannequins/Materials/M_Mannequin.M_Mannequin","0","0","60","2","0.000000","0","180"
"/Game/LevelPrototyping/Materials/M_PrototypeGrid.M_PrototypeGrid","0","0","69","3","0.000000","0","23"
"/Game/ParagonMurdock/FX/Materials/Water/M_WaterBubbles.M_WaterBubbles","0","0","92","1","0.000000","0","0"
"/Game/ParagonMurdock/FX/Materials/HeroSpecific/M_Eleven_Glow_Core.M_Eleven_Glow_Core","0","0","18","1","0.000000","0","0"
"/Interchange/gltf/M_Unlit.M_Unlit","0","0","66","6","0.000000","0","0"
"/SpeedTreeImporter/SpeedTree9/SpeedTreeBillboardMaster.SpeedTreeBillboardMaster","0","0","62","1","0.000000","0","0"
"/SpeedTreeImporter/SpeedTree9/SpeedTreeMaster.SpeedTreeMaster","0","0","88","1","0.000000","0","0"
"/Interchange/gltf/M_Sheen.M_Sheen","0","0","140","6","0.000000","0","0"
"/Interchange/gltf/M_ClearCoat.M_ClearCoat","0","0","140","6","0.000000","0","0"
"/Interchange/gltf/M_Default.M_Default","0","0","140","6","0.000000","0","0"
"/Interchange/gltf/M_SpecularGlossiness.M_SpecularGlossiness","0","0","140","6","0.000000","0","0"
"/Interchange/gltf/M_Transmission.M_Transmission","0","0","50","2","0.000000","0","0"
"/Game/ParagonMurdock/Characters/Heroes/Murdock/Skins/Tier_1_5/Wasteland/Materials/M_Murdock_Weapon_Waste.M_Murdock_Weapon_Waste","0","0","54","1","0.000000","0","54"
"/Game/ParagonMurdock/Characters/Heroes/Murdock/Skins/Tier_1_5/Wasteland/Materials/M_Murdock_T15at_Waste.M_Murdock_T15at_Waste","0","0","67","1","0.000000","0","67"
"/Game/ParagonMurdock/Characters/Heroes/Murdock/Skins/Tier_1_5/Wasteland/Materials/M_Murdock_LegWasteland.M_Murdock_LegWasteland","0","0","54","1","0.000000","0","108"
"/Game/ParagonMurdock/Characters/Heroes/Murdock/Skins/Tier_1_5/Wasteland/Materials/M_Murdock_Head_Waste.M_Murdock_Head_Waste","0","0","67","1","0.000000","0","134"
"/Game/ParagonMurdock/Characters/Heroes/Murdock/Skins/Tier_1_5/Shogun/Materials/Parent/M_Mur_Shogun_Part.M_Mur_Shogun_Part","0","0","79","1","0.000000","0","158"
"/Game/ParagonMurdock/Characters/Heroes/Murdock/Skins/Tier_1_5/Shogun/Materials/M_Murdock_Weapons_Shogun.M_Murdock_Weapons_Shogun","0","0","54","1","0.000000","0","108"
"/Game/ParagonMurdock/Characters/Heroes/Murdock/Skins/Tier_1_5/Shogun/Materials/M_Murdock_Shogun_Face.M_Murdock_Shogun_Face","0","0","67","1","0.000000","0","67"
"/Game/ParagonMurdock/Characters/Heroes/Murdock/Skins/Tier_1_5/Shogun/Materials/M_Murdock_Legs_Shogun.M_Murdock_Legs_Shogun","0","0","54","1","0.000000","0","108"
"/Game/ParagonMurdock/Characters/Heroes/Murdock/Skins/Tier_1_5/Shogun/Materials/M_Murdock_Body_Shogun.M_Murdock_Body_Shogun","0","0","54","1","0.000000","0","108"
"/Game/ParagonMurdock/Characters/Heroes/Murdock/Skins/Tier_1_5/Shogun/Materials/M_Murdock_Arms_Shogun.M_Murdock_Arms_Shogun","0","0","54","1","0.000000","0","108"
"/Game/ParagonMurdock/Characters/Heroes/Murdock/Skins/Tier_1_5/Wasteland/Materials/M_Murdock_Body_Waste.M_Murdock_Body_Waste","0","0","54","1","0.000000","0","54"
"/Game/ParagonMurdock/Characters/Heroes/Murdock/Skins/Tier_1_5/Wasteland/Materials/M_Murdock_Arm_Waste.M_Murdock_Arm_Waste","0","0","54","1","0.000000","0","108"
"/Game/ParagonMurdock/Characters/Heroes/Murdock/Skins/Tier2/Merc/Materials/M_Murdock_Merc_Weapons.M_Murdock_Merc_Weapons","0","0","67","1","0.000000","0","67"
"/Game/ParagonMurdock/Characters/Heroes/Murdock/Skins/Tier2/Merc/Materials/M_Murdock_Merc_Legs.M_Murdock_Merc_Legs","0","0","67","1","0.000000","0","67"
"/Game/ParagonMurdock/Characters/Heroes/Murdock/Skins/Tier2/Merc/Materials/M_Murdock_Merc.M_Murdock_Merc","0","0","54","1","0.000000","0","108"
"/Game/ParagonMurdock/Characters/Heroes/Murdock/Skins/Tier2/Corrupt/Materials/M_EyeRefractiveCorrupted.M_EyeRefractiveCorrupted","0","0","67","1","0.000000","0","67"
"/Game/ParagonMurdock/Characters/Heroes/Murdock/Skins/Tier2/Corrupt/Materials/M_CorruptMurdock_v01_Weapon.M_CorruptMurdock_v01_Weapon","0","0","67","1","0.000000","0","134"
"/Game/ParagonMurdock/Characters/Heroes/Murdock/Skins/Tier2/Corrupt/Materials/M_CorruptMurdock_v001_Legs.M_CorruptMurdock_v001_Legs","0","0","67","1","0.000000","0","134"
"/Game/ParagonMurdock/Characters/Heroes/Murdock/Skins/Tier2/Corrupt/Materials/M_CorruptMurdock_v001_Body.M_CorruptMurdock_v001_Body","0","0","67","1","0.000000","0","134"
"/Game/ParagonMurdock/Characters/Heroes/Murdock/Skins/Tier2/Corrupt/Materials/M_CorruptMurdock_v001_Arms.M_CorruptMurdock_v001_Arms","0","0","67","1","0.000000","0","134"
"/Game/ParagonMurdock/Characters/Heroes/Murdock/Skins/CS_MatteBlack/Materials/M_Price_Weapons_Black.M_Price_Weapons_Black","0","0","54","1","0.000000","0","54"
"/Game/ParagonMurdock/Characters/Heroes/Murdock/Skins/CS_MatteBlack/Materials/M_Price_Legs_Black.M_Price_Legs_Black","0","0","54","1","0.000000","0","108"
"/Game/ParagonMurdock/Characters/Heroes/Murdock/Skins/CS_MatteBlack/Materials/M_Price_Body_Black.M_Price_Body_Black","0","0","54","1","0.000000","0","108"
"/Game/ParagonMurdock/Characters/Heroes/Murdock/Skins/Tier2/Merc/Materials/M_Murdock_Merc_Body.M_Murdock_Merc_Body","0","0","67","1","0.000000","0","67"
"/Game/ParagonMurdock/Characters/Heroes/Murdock/Skins/Tier2/Corrupt/Materials/M_CorruptMurdock_v01ArmSkin.M_CorruptMurdock_v01ArmSkin","0","0","67","1","0.000000","0","67"
"/Game/ParagonMurdock/Characters/Heroes/Murdock/Skins/Tier2/Corrupt/Materials/M_CorruptMurdock_v001_Head.M_CorruptMurdock_v001_Head","0","0","67","1","0.000000","0","67"
"/Game/ParagonMurdock/Characters/Heroes/Murdock/Skins/A_Executioner/Materials/M_Murdock_WeaponExecutioner.M_Murdock_WeaponExecutioner","0","0","54","1","0.000000","0","108"
"/Game/ParagonMurdock/Characters/Heroes/Murdock/Skins/A_Executioner/Materials/M_Murdock_Glass_pattern.M_Murdock_Glass_pattern","0","0","58","1","0.000000","0","58"
"/Game/ParagonMurdock/Characters/Heroes/Murdock/Skins/A_Executioner/Materials/M_Murdock_Body_Executioner.M_Murdock_Body_Executioner","0","0","54","1","0.000000","0","108"
"/Game/ParagonMurdock/Characters/Heroes/Murdock/Skins/A_Executioner/Materials/M_Murdock_Arms_Executioner.M_Murdock_Arms_Executioner","0","0","54","1","0.000000","0","108"
"/Game/ParagonMurdock/Characters/Heroes/Murdock/Materials/M_Murdock_Weapons.M_Murdock_Weapons","0","0","54","1","0.000000","0","54"
"/Game/ParagonMurdock/Characters/Heroes/Murdock/Materials/M_Murdock_Legs.M_Murdock_Legs","0","0","54","1","0.000000","0","54"
"/Game/ParagonMurdock/Characters/Heroes/Murdock/Materials/M_Murdock_Glass.M_Murdock_Glass","0","0","71","1","0.000000","0","71"
"/Game/ParagonMurdock/Characters/Global/Mouth/Materials/M_Mouth_Master.M_Mouth_Master","0","0","67","1","0.000000","0","67"
"/Game/ParagonMurdock/Characters/Heroes/Murdock/Skins/CS_MatteBlack/Materials/M_Price_Arms_Black.M_Price_Arms_Black","0","0","54","1","0.000000","0","54"
"/Game/ParagonMurdock/Characters/Heroes/Murdock/Skins/CS_Magma/Materials/M_Murdock_Weapons_Magma_CS.M_Murdock_Weapons_Magma_CS","0","0","54","1","0.000000","0","54"
"/Game/ParagonMurdock/Characters/Heroes/Murdock/Skins/CS_Magma/Materials/M_Murdock_Legs_Magma_CS.M_Murdock_Legs_Magma_CS","0","0","54","1","0.000000","0","108"
"/Game/ParagonMurdock/Characters/Heroes/Murdock/Skins/CS_Magma/Materials/M_Murdock_Body_Magma_CS.M_Murdock_Body_Magma_CS","0","0","54","1","0.000000","0","108"
"/Game/ParagonMurdock/Characters/Heroes/Murdock/Skins/CS_Magma/Materials/M_Murdock_Arms_Magma_CS.M_Murdock_Arms_Magma_CS","0","0","54","1","0.000000","0","54"
"/Game/ParagonMurdock/Characters/Heroes/Murdock/Skins/A_Executioner/Materials/M_Murdock_Legs_Executioner.M_Murdock_Legs_Executioner","0","0","54","1","0.000000","0","108"
"/Game/ParagonMurdock/Characters/Heroes/Murdock/Materials/M_Murdock_Head.M_Murdock_Head","0","0","54","1","0.000000","0","54"
"/Game/ParagonMurdock/Characters/Heroes/Murdock/Materials/M_Murdock_Body.M_Murdock_Body","0","0","54","1","0.000000","0","54"
"/Game/ParagonMurdock/Characters/Heroes/Murdock/Materials/M_Murdock_Arms.M_Murdock_Arms","0","0","54","1","0.000000","0","108"
"/Game/ParagonMurdock/Characters/Global/Glass/M_Glass_Master.M_Glass_Master","0","0","456","3","0.000000","0","456"
"/Game/ParagonMurdock/Characters/Global/Eyes/Materials/M_TearDuct_2.M_TearDuct_2","0","0","92","1","0.000000","0","92"
"/Game/ParagonMurdock/Characters/Global/Eyes/Materials/M_EyeRefractive.M_EyeRefractive","0","0","92","1","0.000000","0","92"
"/Game/ParagonMurdock/Characters/Global/Eyes/Materials/M_TearLine.M_TearLine","0","0","99","1","0.000000","0","99"
"/Game/ParagonMurdock/FX/Materials/Flares/M_LensFlareMaster.M_LensFlareMaster","0","0","54","2","0.000000","0","0"
"/Engine/EditorMaterials/WidgetVertexColorMaterial.WidgetVertexColorMaterial","0","0","5","1","0.000000","0","0"
"/Engine/EditorMaterials/Cloth/CameraLitVertexColor.CameraLitVertexColor","0","0","20","1","0.000000","0","0"
"/Engine/EditorMaterials/Cloth/CameraLitDoubleSided.CameraLitDoubleSided","0","0","20","1","0.000000","0","0"
"/ControlRig/Controls/ControlRigGizmoMaterial.ControlRigGizmoMaterial","49","0","4","1","0.000000","0","0"
"/Engine/EngineDebugMaterials/DebugEditorMaterial.DebugEditorMaterial","49","0","8","1","0.000000","0","0"
"/MeshModelingToolset/Materials/M_DynamicMeshComponentVtxColor.M_DynamicMeshComponentVtxColor","49","0","20","1","0.000000","0","0"
"/Engine/EngineMaterials/GizmoMaterial.GizmoMaterial","49","0","8","1","0.000000","0","0"
"/Engine/EngineMaterials/RemoveSurfaceMaterial.RemoveSurfaceMaterial","49","0","4","1","0.000000","0","0"
"/Engine/EngineMaterials/NaniteHiddenSectionMaterial.NaniteHiddenSectionMaterial","49","0","31","1","0.000000","0","0"
"/ControlRig/Controls/ControlRigXRayMaterial.ControlRigXRayMaterial","49","0","9","1","0.000000","0","0"
"/Engine/EditorMaterials/PhAT_NoCollisionMaterial.PhAT_NoCollisionMaterial","49","0","3","1","0.000000","0","0"
"/Engine/EditorMaterials/PhAT_UnselectedMaterial.PhAT_UnselectedMaterial","49","0","3","1","0.000000","0","0"
"/Engine/EngineDebugMaterials/DebugMeshMaterial.DebugMeshMaterial","49","0","5","1","0.000000","0","0"
"/Engine/EditorLandscapeResources/SplineEditorMeshMat.SplineEditorMeshMat","49","0","16","1","0.000000","0","0"
"/Engine/EngineDebugMaterials/M_SimpleUnlitTranslucent.M_SimpleUnlitTranslucent","49","0","3","1","0.000000","0","0"
"/Engine/EditorMaterials/Camera/CineMat.CineMat","49","0","26","1","0.000000","0","0"
"/Engine/VREditor/TransformGizmo/Xray.Xray","49","0","14","1","0.000000","0","0"
"/Engine/EngineMaterials/DefaultLightFunctionMaterial.DefaultLightFunctionMaterial","49","0","44","1","0.000000","0","0"
"/Engine/VREditor/TransformGizmo/Main.Main","49","0","3","1","0.000000","0","0"
"/Engine/VREditor/TransformGizmo/TranslucentTransformGizmoMaterial.TranslucentTransformGizmoMaterial","49","0","3","1","0.000000","0","0"
"/Game/StarterContent/Particles/Materials/m_flare_01.m_flare_01","49","0","12","1","0.000000","0","0"
"/Game/StarterContent/Materials/M_Glass.M_Glass","49","0","33","1","0.000000","0","0"
"/Game/StarterContent/Materials/M_Basic_Wall.M_Basic_Wall","49","0","27","1","0.000000","0","0"
"/Game/StarterContent/Materials/M_Basic_Floor.M_Basic_Floor","49","0","23","1","0.000000","0","0"
"/Game/StarterContent/Materials/M_AssetPlatform.M_AssetPlatform","49","0","23","1","0.000000","0","0"
"/Game/StarterContent/Blueprints/Assets/M_LightStage_Arrows.M_LightStage_Arrows","49","0","4","1","0.000000","0","0"
"/Game/ParagonMurdock/FX/Materials/Flares/M_Tri_Test.M_Tri_Test","49","0","65","1","0.000000","0","0"
"/Game/ParagonMurdock/Characters/Maps/BackGroundAssets/M_AssetPlatform.M_AssetPlatform","49","0","23","1","0.000000","0","0"
"/Game/LevelPrototyping/Materials/M_Solid.M_Solid","49","0","26","1","0.000000","0","0"
"/Game/FPWeapon/Materials/BaseMaterial.BaseMaterial","49","0","35","1","0.000000","0","0"
"/Game/standardSurface1.standardSurface1","49","0","14","1","0.000000","0","0"
"/Engine/BasicShapes/BasicShapeMaterial.BasicShapeMaterial","49","0","82","1","0.000000","0","0"
"/Engine/EditorMeshes/ColorCalibrator/M_GreyBall.M_GreyBall","49","0","35","1","0.000000","0","0"
"/Engine/EngineSky/M_SimpleSkyDome.M_SimpleSkyDome","49","0","4","1","0.000000","0","0"
"/Engine/EngineMaterials/FlattenMaterial.FlattenMaterial","49","0","50","1","0.000000","0","0"
"/Engine/EngineMaterials/M_InvalidLightmapSettings.M_InvalidLightmapSettings","49","0","28","1","0.000000","0","0"
"/Engine/EditorMeshes/ColorCalibrator/M_ClearCoat.M_ClearCoat","49","0","23","1","0.000000","0","0"
"/Engine/EditorMeshes/ColorCalibrator/M_ChromeBall.M_ChromeBall","49","0","35","1","0.000000","0","0"
"/Engine/EditorMeshes/ColorCalibrator/M_ClearCoatBlack.M_ClearCoatBlack","49","0","23","1","0.000000","0","0"
"/Engine/TemplateResources/M_Template_Master.M_Template_Master","49","0","35","1","0.000000","0","0"
"/Engine/EngineMaterials/FlattenMaterial_WS_Normal_VT.FlattenMaterial_WS_Normal_VT","49","0","50","1","0.000000","0","0"
"/Engine/EngineMaterials/FlattenMaterial_VT.FlattenMaterial_VT","49","0","50","1","0.000000","0","0"
"/Engine/EngineMaterials/EmissiveMeshMaterial.EmissiveMeshMaterial","49","0","5","1","0.000000","0","0"
"/Engine/EngineMaterials/PhAT_JointLimitMaterial.PhAT_JointLimitMaterial","49","0","9","1","0.000000","0","0"
"/ControlRig/M_Manip.M_Manip","49","0","9","1","0.000000","0","0"
"/Paper2D/DefaultSpriteMaterial.DefaultSpriteMaterial","49","0","54","2","0.000000","0","0"
"/Engine/EngineMaterials/DefaultPostProcessMaterial.DefaultPostProcessMaterial","49","0","6","1","0.000000","0","0"
"/Engine/EngineMaterials/DefaultDeferredDecalMaterial.DefaultDeferredDecalMaterial","49","0","87","1","0.000000","0","0"
"/Engine/EngineMaterials/DefaultMaterial.DefaultMaterial","49","0","127","1","0.000000","0","0"
"/Engine/EngineMaterials/DefaultTextMaterialOpaque.DefaultTextMaterialOpaque","49","0","33","1","0.000000","0","0"
"/Game/StarterContent/Particles/Materials/M_Heat_Distortion.M_Heat_Distortion","49","0","21","1","0.000000","0","0"
"/Game/StarterContent/Particles/Materials/M_Spark.M_Spark","49","0","9","1","0.000000","0","0"
"/Game/StarterContent/Props/Materials/M_Statue.M_Statue","49","0","23","1","0.000000","0","0"
"/Game/StarterContent/Particles/Materials/M_smoke_subUV.M_smoke_subUV","49","0","54","1","0.000000","0","0"
"/Engine/EngineMaterials/Widget3DPassThrough.Widget3DPassThrough","49","0","62","6","0.000000","0","3"
"/Engine/EngineDebugMaterials/M_VolumeRenderSphereTracePP.M_VolumeRenderSphereTracePP","49","0","4","1","0.000000","0","0"
"/Engine/VREditor/TransformGizmo/TransformGizmoMaterial.TransformGizmoMaterial","49","0","4","1","0.000000","0","0"
"/Engine/EngineMaterials/WorldGridMaterial.WorldGridMaterial","49","0","838","1","0.000000","0","0"
"/Game/StarterContent/Props/Materials/M_TableRound.M_TableRound","49","0","23","1","0.000000","0","0"
"/Game/StarterContent/Props/Materials/M_StatueGlass.M_StatueGlass","49","0","33","1","0.000000","0","0"
"/Game/StarterContent/Particles/Materials/M_Fire_SubUV.M_Fire_SubUV","49","0","9","1","0.000000","0","0"
"/Game/StarterContent/Materials/M_Concrete_Grime.M_Concrete_Grime","49","0","23","1","0.000000","0","0"
"/Game/StarterContent/Materials/M_CobbleStone_Smooth.M_CobbleStone_Smooth","49","0","23","1","0.000000","0","0"
"/Game/StarterContent/Materials/M_Metal_Copper.M_Metal_Copper","49","0","23","1","0.000000","0","0"
"/Game/StarterContent/Materials/M_Metal_Chrome.M_Metal_Chrome","49","0","23","1","0.000000","0","0"
"/Game/StarterContent/Props/Materials/M_Shelf.M_Shelf","49","0","23","1","0.000000","0","0"
"/Game/StarterContent/Materials/M_Wood_Floor_Walnut_Polished.M_Wood_Floor_Walnut_Polished","49","0","23","1","0.000000","0","0"
"/Game/StarterContent/Materials/M_Water_Lake.M_Water_Lake","49","0","23","1","0.000000","0","0"
"/Game/StarterContent/Materials/M_Rock_Marble_Polished.M_Rock_Marble_Polished","49","0","23","1","0.000000","0","0"
"/Game/StarterContent/Materials/M_Wood_Walnut.M_Wood_Walnut","49","0","23","1","0.000000","0","0"
"/Game/StarterContent/Materials/M_Wood_Pine.M_Wood_Pine","49","0","23","1","0.000000","0","0"
"/Game/StarterContent/Materials/M_Wood_Oak.M_Wood_Oak","49","0","23","1","0.000000","0","0"
"/Game/StarterContent/Materials/M_Tech_Panel.M_Tech_Panel","49","0","23","1","0.000000","0","0"
"/Game/StarterContent/Materials/M_Tech_Hex_Tile_Pulse.M_Tech_Hex_Tile_Pulse","49","0","23","1","0.000000","0","0"
"/Game/StarterContent/Materials/M_Rock_Slate.M_Rock_Slate","49","0","23","1","0.000000","0","0"
"/Game/StarterContent/Materials/M_Rock_Sandstone.M_Rock_Sandstone","49","0","23","1","0.000000","0","0"
"/Game/StarterContent/Materials/M_Rock_Basalt.M_Rock_Basalt","49","0","23","1","0.000000","0","0"
"/Game/StarterContent/Materials/M_Metal_Steel.M_Metal_Steel","49","0","23","1","0.000000","0","0"
"/Game/StarterContent/Materials/M_Metal_Gold.M_Metal_Gold","49","0","23","1","0.000000","0","0"
"/Game/StarterContent/Materials/M_Metal_Burnished_Steel.M_Metal_Burnished_Steel","49","0","23","1","0.000000","0","0"
"/Game/StarterContent/Materials/M_Metal_Brushed_Nickel.M_Metal_Brushed_Nickel","49","0","23","1","0.000000","0","0"
"/Game/StarterContent/Props/Materials/M_Lamp.M_Lamp","49","0","23","1","0.000000","0","0"
"/Game/StarterContent/Materials/M_Ground_Moss.M_Ground_Moss","49","0","23","1","0.000000","0","0"
"/Game/StarterContent/Materials/M_Ground_Gravel.M_Ground_Gravel","49","0","23","1","0.000000","0","0"
"/Game/StarterContent/Materials/M_Ground_Grass.M_Ground_Grass","49","0","23","1","0.000000","0","0"
"/Game/StarterContent/Props/Materials/M_Frame.M_Frame","49","0","23","1","0.000000","0","0"
"/Game/StarterContent/Particles/Materials/M_explosion_subUV.M_explosion_subUV","49","0","9","1","0.000000","0","0"
"/Game/StarterContent/Particles/Materials/M_Dust_Particle.M_Dust_Particle","49","0","72","1","0.000000","0","0"
"/Game/StarterContent/Props/Materials/M_Door.M_Door","49","0","23","1","0.000000","0","0"
"/Game/StarterContent/Materials/M_Concrete_Tiles.M_Concrete_Tiles","49","0","23","1","0.000000","0","0"
"/Game/StarterContent/Materials/M_Concrete_Poured.M_Concrete_Poured","49","0","23","1","0.000000","0","0"
"/Game/StarterContent/Materials/M_Concrete_Panels.M_Concrete_Panels","49","0","23","1","0.000000","0","0"
"/Game/StarterContent/Materials/M_CobbleStone_Rough.M_CobbleStone_Rough","49","0","23","1","0.000000","0","0"
"/Game/StarterContent/Materials/M_CobbleStone_Pebble.M_CobbleStone_Pebble","49","0","23","1","0.000000","0","0"
"/Game/StarterContent/Materials/M_Tech_Checker_Dot.M_Tech_Checker_Dot","49","0","23","1","0.000000","0","0"
"/Game/StarterContent/Props/Materials/M_Chair.M_Chair","49","0","23","1","0.000000","0","0"
"/Game/StarterContent/Materials/M_Ceramic_Tile_Checker.M_Ceramic_Tile_Checker","49","0","23","1","0.000000","0","0"
"/Game/StarterContent/Props/Materials/M_Bush.M_Bush","49","0","46","1","0.000000","0","0"
"/Game/StarterContent/Particles/Materials/M_Burst.M_Burst","49","0","15","1","0.000000","0","0"
"/Game/StarterContent/Materials/M_Brick_Hewn_Stone.M_Brick_Hewn_Stone","49","0","23","1","0.000000","0","0"
"/Game/StarterContent/Materials/M_Brick_Cut_Stone.M_Brick_Cut_Stone","49","0","23","1","0.000000","0","0"
"/Game/StarterContent/Materials/M_Brick_Clay_Old.M_Brick_Clay_Old","49","0","23","1","0.000000","0","0"
"/Game/StarterContent/Materials/M_Brick_Clay_New.M_Brick_Clay_New","49","0","23","1","0.000000","0","0"
"/Game/StarterContent/Materials/M_Brick_Clay_Beveled.M_Brick_Clay_Beveled","49","0","23","1","0.000000","0","0"
"/Game/ParagonMurdock/FX/Materials/Flares/M_Lensflare_TB_SoftGlow.M_Lensflare_TB_SoftGlow","49","0","9","1","0.000000","0","0"
"/Game/ParagonMurdock/FX/Textures/Tile/Heat/T_2ndInfectedMapLinear_Mat.T_2ndInfectedMapLinear_Mat","49","0","14","1","0.000000","0","0"
"/Game/ParagonMurdock/FX/Materials/Sparks/M_Hotdog_Spark_VLerp_Rand_Master.M_Hotdog_Spark_VLerp_Rand_Master","49","0","9","1","0.000000","0","0"
"/Game/ParagonMurdock/FX/Materials/Water/M_WaterImpact_Strand_Masked.M_WaterImpact_Strand_Masked","49","0","120","1","0.000000","0","0"
"/Game/ParagonMurdock/FX/Materials/Smoke/DirectionalLit/M_ResidualMuzzleSmoke_Master.M_ResidualMuzzleSmoke_Master","49","0","72","1","0.000000","0","0"
"/Game/ParagonMurdock/FX/Materials/Smoke/M_SoftSmoke_FakeLit2.M_SoftSmoke_FakeLit2","49","0","54","1","0.000000","0","0"
"/Game/ParagonMurdock/FX/Materials/Debris/M_Invis_Debris.M_Invis_Debris","49","0","74","1","0.000000","0","0"
"/Game/ParagonMurdock/FX/Materials/Sparks/M_Spark_VelocityLerp.M_Spark_VelocityLerp","49","0","36","1","0.000000","0","0"
"/Game/ParagonMurdock/FX/Materials/Sparks/M_Pellets_InvisMoving.M_Pellets_InvisMoving","49","0","27","1","0.000000","0","0"
"/Game/ParagonMurdock/FX/Materials/Sparks/M_Hotdog_VLerp_DirectionTint.M_Hotdog_VLerp_DirectionTint","49","0","27","1","0.000000","0","0"
"/Game/ParagonMurdock/Characters/Maps/BackGroundAssets/HDRSky.HDRSky","49","0","4","1","0.000000","0","0"
"/Game/ParagonMurdock/FX/Materials/Sparks/M_Hotdog_Spark_VLerp_MASTER.M_Hotdog_Spark_VLerp_MASTER","49","0","9","1","0.000000","0","0"
"/Game/ParagonMurdock/FX/Materials/Smoke/Hyperbreach/M_Smoke_Particles_SubUV2.M_Smoke_Particles_SubUV2","49","0","72","1","0.000000","0","0"
"/Game/ParagonMurdock/FX/Materials/Smoke/M_LingerSmoke_MasterAdditiveWarp_Simple.M_LingerSmoke_MasterAdditiveWarp_Simple","49","0","72","1","0.000000","0","0"
"/Game/ParagonMurdock/FX/Materials/Smoke/M_InvisSmoke_MasterAdditiveWarp.M_InvisSmoke_MasterAdditiveWarp","49","0","74","1","0.000000","0","0"
"/Game/ParagonMurdock/FX/Materials/HeroSpecific/M_Shield_Hexes_Break.M_Shield_Hexes_Break","49","0","44","1","0.000000","0","0"
"/Game/ParagonMurdock/FX/Materials/Flares/M_Rocket_Flair2.M_Rocket_Flair2","49","0","9","1","0.000000","0","0"
"/Game/ParagonMurdock/FX/Materials/Flares/M_Lensflare_TB_Soft.M_Lensflare_TB_Soft","49","0","9","1","0.000000","0","0"
"/Game/ParagonMurdock/FX/Materials/Smoke/M_Minion_Smoke_MacroUV.M_Minion_Smoke_MacroUV","49","0","9","1","0.000000","0","0"
"/Game/ParagonMurdock/FX/Materials/Smoke/M_Minion_Smoke.M_Minion_Smoke","49","0","9","1","0.000000","0","0"
"/Game/ParagonMurdock/FX/Materials/Smoke/M_InvisSmoke_Master.M_InvisSmoke_Master","49","0","36","1","0.000000","0","0"
"/Game/ParagonMurdock/FX/Materials/HeroSpecific/M_Shield_Rays.M_Shield_Rays","49","0","36","1","0.000000","0","0"
"/Game/ParagonMurdock/FX/Materials/Flares/M_PH_Orb_FlatFlareEdge.M_PH_Orb_FlatFlareEdge","49","0","12","1","0.000000","0","0"
"/Game/ParagonMurdock/FX/Materials/Smoke/DirectionalLit/M_Directional_Lit_Depth_Smoke_SubUV_8X8.M_Directional_Lit_Depth_Smoke_SubUV_8X8","49","0","72","1","0.000000","0","0"
"/Game/ParagonMurdock/FX/Materials/Smoke/M_ThickSmoke_MASTER.M_ThickSmoke_MASTER","49","0","54","1","0.000000","0","0"
"/Game/ParagonMurdock/FX/Materials/Flares/M_Explo_Rays.M_Explo_Rays","49","0","36","1","0.000000","0","0"
"/Game/ParagonMurdock/FX/Materials/Flares/M_AddGlow.M_AddGlow","49","0","18","2","0.000000","0","0"
"/Game/ParagonMurdock/FX/CineRescue/es060/M_Smoke.M_Smoke","49","0","72","1","0.000000","0","0"
"/Game/NecrosUtilityMatPack/materials/roof/masters/m_spanishtile.m_spanishtile","49","0","108","4","0.000000","0","27"
"/Game/NecrosUtilityMatPack/materials/misc/masters/m_tarp.m_tarp","49","0","23","1","0.000000","0","0"
"/Game/ParagonMurdock/Characters/Heroes/Murdock/Skins/Tier2/Corrupt/Textures/T_ArmSkin_Mat.T_ArmSkin_Mat","49","0","33","1","0.000000","0","0"
"/Game/NecrosUtilityMatPack/materials/wall/masters/m_travertine_interlocking.m_travertine_interlocking","49","0","23","1","0.000000","0","0"
"/Game/NecrosUtilityMatPack/materials/roof/masters/m_roundshingles.m_roundshingles","49","0","69","3","0.000000","0","0"
"/Game/NecrosUtilityMatPack/materials/misc/masters/m_crackedmud.m_crackedmud","49","0","23","1","0.000000","0","0"
"/Game/NecrosUtilityMatPack/materials/wall/masters/m_washedconcrete.m_washedconcrete","49","0","23","1","0.000000","0","0"
"/Game/NecrosUtilityMatPack/materials/wall/masters/m_travertine_rectangular_staggered.m_travertine_rectangular_staggered","49","0","23","1","0.000000","0","0"
"/Game/NecrosUtilityMatPack/materials/wall/masters/m_concrete.m_concrete","49","0","23","1","0.000000","0","0"
"/Game/NecrosUtilityMatPack/materials/floor/masters/m_caliche_02.m_caliche_02","49","0","23","1","0.000000","0","0"
"/Game/NecrosUtilityMatPack/materials/floor/masters/m_asphalt.m_asphalt","49","0","23","1","0.000000","0","0"
"/Engine/EngineMaterials/PPM_DefaultCalibrationGrayscale.PPM_DefaultCalibrationGrayscale","49","0","4","1","0.000000","0","0"
"/Engine/EngineMaterials/PPM_DefaultCalibrationColor.PPM_DefaultCalibrationColor","49","0","4","1","0.000000","0","0"
"/Engine/EditorMaterials/PreviewShadowIndicatorMaterial.PreviewShadowIndicatorMaterial","49","0","44","1","0.000000","0","0"
"/Engine/EngineSky/M_Sky_Panning_Clouds2.M_Sky_Panning_Clouds2","49","0","4","1","0.000000","0","0"
"/Game/StarterContent/Props/Materials/M_Rock.M_Rock","49","0","23","1","0.000000","0","0"
"/Game/StarterContent/Particles/Materials/M_radial_ramp.M_radial_ramp","49","0","12","1","0.000000","0","0"
"/Game/ParagonMurdock/FX/Materials/HeroSpecific/M_Trap_Boundary_Sphere_Offset.M_Trap_Boundary_Sphere_Offset","49","0","14","1","0.000000","0","0"
"/Game/ParagonMurdock/FX/Materials/HeroSpecific/M_Shield_Startup_Hex.M_Shield_Startup_Hex","49","0","36","1","0.000000","0","0"
"/Game/ParagonMurdock/FX/Materials/Flares/M_Lensflare_TB_Soft_LDR2HDR.M_Lensflare_TB_Soft_LDR2HDR","49","0","24","2","0.000000","0","0"
"/Game/ParagonMurdock/FX/Materials/Sparks/M_Spark_VelocityLerp_WorldColor.M_Spark_VelocityLerp_WorldColor","49","0","36","1","0.000000","0","0"
"/Game/ParagonMurdock/FX/Materials/Smoke/Hyperbreach/M_Smoke_Offset_Particles_SubUV_UNLIT.M_Smoke_Offset_Particles_SubUV_UNLIT","49","0","36","1","0.000000","0","0"
"/Game/NecrosUtilityMatPack/materials/floor/masters/m_ceramic_floor_tile.m_ceramic_floor_tile","49","0","46","2","0.000000","0","69"
"/Game/StarterContent/Materials/M_Water_Ocean.M_Water_Ocean","49","0","23","1","0.000000","0","0"
"/Game/StarterContent/Materials/M_Tech_Hex_Tile.M_Tech_Hex_Tile","49","0","23","1","0.000000","0","0"
"/Game/StarterContent/Materials/M_Metal_Rust.M_Metal_Rust","49","0","23","1","0.000000","0","0"
"/Game/ParagonMurdock/FX/Materials/Water/M_Water_Drops_Master.M_Water_Drops_Master","49","0","12","1","0.000000","0","0"
"/Game/ParagonMurdock/FX/Materials/Water/M_WaterImpact_Cylinder.M_WaterImpact_Cylinder","49","0","50","1","0.000000","0","0"
"/Game/NecrosUtilityMatPack/materials/wall/masters/m_concreteblock.m_concreteblock","49","0","46","2","0.000000","0","0"
"/Game/NecrosUtilityMatPack/materials/misc/masters/m_inferno.m_inferno","49","0","46","2","0.000000","0","23"
"/Game/NecrosUtilityMatPack/materials/floor/masters/m_diamond_pattern.m_diamond_pattern","49","0","23","1","0.000000","0","0"
"/Game/NecrosUtilityMatPack/materials/floor/masters/m_concrete_floor_panels.m_concrete_floor_panels","49","0","182","2","0.000000","0","4488"
"/Game/StarterContent/Particles/Materials/M_Radial_Gradient.M_Radial_Gradient","49","0","12","1","0.000000","0","0"
"/Game/StarterContent/Materials/M_Wood_Floor_Walnut_Worn.M_Wood_Floor_Walnut_Worn","49","0","23","1","0.000000","0","0"
"/Game/StarterContent/Materials/M_ColorGrid_LowSpec.M_ColorGrid_LowSpec","49","0","23","1","0.000000","0","0"
"/Game/StarterContent/Blueprints/Assets/M_LightStage_Skybox_Master.M_LightStage_Skybox_Master","49","0","8","2","0.000000","0","0"
"/Game/ParagonMurdock/FX/Materials/HeroSpecific/M_Murdock_HotPursuit_RedBlueTrail.M_Murdock_HotPursuit_RedBlueTrail","49","0","20","1","0.000000","0","0"
"/Game/ParagonMurdock/FX/Materials/Environment/Water/M_WaterRipple_Mesh_Foam.M_WaterRipple_Mesh_Foam","49","0","106","1","0.000000","0","0"
"/Game/ParagonMurdock/FX/Materials/Tech/M_Holo_Display_02_FlickerIn.M_Holo_Display_02_FlickerIn","49","0","20","1","0.000000","0","0"
"/Game/ParagonMurdock/FX/Materials/Smoke/Hyperbreach/M_Smoke_Offset_Particles_SubUV_LIT.M_Smoke_Offset_Particles_SubUV_LIT","49","0","98","1","0.000000","0","0"
"/Game/ParagonMurdock/FX/Materials/Smoke/Hyperbreach/M_Smoke_Offset_Particles_SubUV_Details_UNLIT.M_Smoke_Offset_Particles_SubUV_Details_UNLIT","49","0","36","1","0.000000","0","0"
"/Game/ParagonMurdock/FX/Materials/Smoke/Hyperbreach/M_Smoke_Offset_Particles_SubUV_Details_TightDepth_UNLIT.M_Smoke_Offset_Particles_SubUV_Details_TightDepth_UNLIT","49","0","36","1","0.000000","0","0"
"/Game/ParagonMurdock/FX/Materials/Shells/M_SpreadShot_Shell_Eject.M_SpreadShot_Shell_Eject","49","0","26","1","0.000000","0","0"
"/Game/ParagonMurdock/FX/Materials/Shells/M_Plasma_Shot_Shell.M_Plasma_Shot_Shell","49","0","38","1","0.000000","0","0"
"/Game/ParagonMurdock/FX/Materials/MuzzleFlashes/M_Murdock_Muzzle.M_Murdock_Muzzle","49","0","15","1","0.000000","0","0"
"/Game/ParagonMurdock/FX/Materials/MuzzleFlashes/M_MurdockMuzzle_02.M_MurdockMuzzle_02","49","0","12","1","0.000000","0","0"
"/Game/ParagonMurdock/FX/Materials/HeroSpecific/M_Trap_Boundary_Deploy.M_Trap_Boundary_Deploy","49","0","10","1","0.000000","0","0"
"/Game/ParagonMurdock/FX/Materials/HeroSpecific/M_Trap_Beams.M_Trap_Beams","49","0","6","1","0.000000","0","0"
"/Game/ParagonMurdock/FX/Materials/HeroSpecific/M_Eleven_Glow_Length.M_Eleven_Glow_Length","49","0","20","1","0.000000","0","0"
"/Game/ParagonMurdock/FX/Materials/HeroSpecific/M_Eleven_Glow_Core_Aim.M_Eleven_Glow_Core_Aim","49","0","10","1","0.000000","0","0"
"/Game/ParagonMurdock/FX/Materials/Flares/M_VerticalFlare_Master.M_VerticalFlare_Master","49","0","9","1","0.000000","0","0"
"/Game/ParagonMurdock/FX/Materials/Flares/M_SuperSoft_Glow_LDR.M_SuperSoft_Glow_LDR","49","0","12","1","0.000000","0","0"
"/Game/ParagonMurdock/FX/Materials/Flares/M_MuzzleFlare_LDR2HDR.M_MuzzleFlare_LDR2HDR","49","0","12","1","0.000000","0","0"
"/Game/ParagonMurdock/FX/Materials/Flares/M_Murdock_Muzzle_Flash.M_Murdock_Muzzle_Flash","49","0","15","1","0.000000","0","0"
"/Game/ParagonMurdock/FX/Materials/Flares/M_LDR2HDR_Flare_Add.M_LDR2HDR_Flare_Add","49","0","9","1","0.000000","0","0"
"/Game/ParagonMurdock/FX/Materials/Flares/M_CleanseFlare.M_CleanseFlare","49","0","15","1","0.000000","0","0"
"/Game/ParagonMurdock/FX/Materials/Explosions/Hyperbreach/M_Fireball_Directional_Lit_Master_2.M_Fireball_Directional_Lit_Master_2","49","0","90","1","0.000000","0","0"
"/Game/ParagonMurdock/FX/Materials/Smoke/DirectionalLit/M_Directional_Lit_DepthSmoke_Master.M_Directional_Lit_DepthSmoke_Master","49","0","144","2","0.000000","0","144"
"/Game/ParagonMurdock/FX/Materials/HeroSpecific/M_Ult_Bullet_Pyramid.M_Ult_Bullet_Pyramid","49","0","10","1","0.000000","0","0"
"/Game/ParagonMurdock/FX/Materials/Chroma/M_SphereChromaWisps.M_SphereChromaWisps","49","0","21","1","0.000000","0","0"
"/Engine/EngineMaterials/AntiAliasedTextMaterialTranslucent.AntiAliasedTextMaterialTranslucent","49","0","20","1","0.000000","0","0"
"/Engine/EngineMaterials/DefaultParticle.DefaultParticle","49","0","116","1","0.000000","0","0"
"/Engine/EditorMeshes/ColorCalibrator/M_ColorGrid.M_ColorGrid","49","0","35","1","0.000000","0","0"
"/Engine/MapTemplates/Sky/M_Procedural_Sky_MASTER02.M_Procedural_Sky_MASTER02","49","0","23","1","0.000000","0","0"
"/Game/ParagonMurdock/FX/Materials/Water/Hydro/M_Hydro_Water_Particles.M_Hydro_Water_Particles","49","0","120","1","0.000000","0","120"
"/Game/ParagonMurdock/Characters/Heroes/Murdock/Skins/Tier2/Corrupt/Materials/M_Murdock_TearDuct.M_Murdock_TearDuct","49","0","58","1","0.000000","0","0"
"/Engine/VREditor/SnapGrid/SnapGridMaterial.SnapGridMaterial","49","0","10","1","0.000000","0","0"
"/Engine/EngineSky/VolumetricClouds/m_SimpleVolumetricCloud.m_SimpleVolumetricCloud","49","0","68","1","0.000000","0","0"
"/Game/ParagonMurdock/FX/Materials/Flares/m_UltraFlare_Master.m_UltraFlare_Master","49","0","50","2","0.000000","0","0"
"/Game/ParagonMurdock/FX/Materials/Debris/M_Explosion_RockChunks.M_Explosion_RockChunks","49","0","98","1","0.000000","0","0"
"/Game/ParagonMurdock/FX/Materials/Smoke/M_Inky_Smoke_Burst.M_Inky_Smoke_Burst","49","0","35","1","0.000000","0","0"
"/Game/NecrosUtilityMatPack/materials/misc/masters/m_smoothmud.m_smoothmud","49","0","23","1","0.000000","0","0"
"/Game/ParagonMurdock/Characters/Heroes/Murdock/Skins/A_Executioner/Materials/M_CustomExectutionerVisor.M_CustomExectutionerVisor","49","0","62","1","0.000000","0","62"
"/Game/ParagonMurdock/FX/Materials/VolumeFog/M_Fog_SphericalDensity.M_Fog_SphericalDensity","49","0","24","2","0.000000","0","0"
"/Game/NecrosUtilityMatPack/materials/wall/masters/m_stucco.m_stucco","49","0","50","2","0.000000","0","0"
"/Game/NecrosUtilityMatPack/materials/wall/masters/m_oldbrick_01.m_oldbrick_01","49","0","23","1","0.000000","0","0"
"/Game/FPWeapon/Materials/M_FPGun.M_FPGun","49","0","62","1","0.000000","0","0"
"/Game/AnimStarterPack/UE4_Mannequin/Materials/M_UE4Man_Body.M_UE4Man_Body","49","0","124","2","0.000000","0","0"
"/Game/NecrosUtilityMatPack/materials/roof/masters/m_tinroof.m_tinroof","49","0","54","2","0.000000","0","54"
"/Game/NecrosUtilityMatPack/materials/misc/masters/m_paintedrust_01.m_paintedrust_01","49","0","46","2","0.000000","0","69"
"/Game/NecrosUtilityMatPack/materials/floor/masters/m_diamondplate_01.m_diamondplate_01","49","0","92","4","0.000000","0","46"
"/Game/NecrosUtilityMatPack/materials/misc/masters/m_mesh_rock.m_mesh_rock","49","0","46","2","0.000000","0","0"
"/Game/NecrosUtilityMatPack/materials/floor/masters/m_wood_floor_worn.m_wood_floor_worn","49","0","23","1","0.000000","0","23"
"/Game/ParagonMurdock/FX/Materials/HeroSpecific/M_Shield_Hex_Impact.M_Shield_Hex_Impact","49","0","44","1","0.000000","0","0"
"/Game/ParagonMurdock/FX/Materials/HeroSpecific/M_Shield_Hex.M_Shield_Hex","49","0","44","1","0.000000","0","0"
"/Game/ParagonMurdock/FX/Materials/Sparks/M_Hotdog_Spark_VLerp_DOF_Rand_ScaleDistanceMaster.M_Hotdog_Spark_VLerp_DOF_Rand_ScaleDistanceMaster","49","0","27","1","0.000000","0","0"
"/Game/ParagonMurdock/FX/Materials/Sparks/M_Hotdog_Spark_VLerp_DOF_Rand_Master.M_Hotdog_Spark_VLerp_DOF_Rand_Master","49","0","36","1","0.000000","0","0"
"/Game/ParagonMurdock/Characters/Global/Eyes/Materials/M_Eye_Occlusion.M_Eye_Occlusion","49","0","27","1","0.000000","0","27"
"/Game/ParagonMurdock/FX/Materials/Sparks/M_hardSpark_Alpha_GPU_Random.M_hardSpark_Alpha_GPU_Random","49","0","9","1","0.000000","0","0"
"/Game/ParagonMurdock/FX/Meshes/Splines/M_Spline_Preview.M_Spline_Preview","49","0","129","1","0.000000","0","0"
"/Game/ParagonMurdock/FX/Materials/Tech/M_Ghost_Tech_Holo_Spline.M_Ghost_Tech_Holo_Spline","49","0","18","1","0.000000","0","0"
"/Game/NecrosUtilityMatPack/materials/misc/masters/m_leather.m_leather","49","0","23","1","0.000000","0","0"
"/Game/NecrosUtilityMatPack/materials/misc/masters/m_straw_01.m_straw_01","49","0","23","1","0.000000","0","0"
"/Game/NecrosUtilityMatPack/materials/misc/masters/m_rock_01.m_rock_01","49","0","23","1","0.000000","0","0"
"/Game/NecrosUtilityMatPack/materials/floor/masters/m_caliche_01.m_caliche_01","49","0","23","1","0.000000","0","0"
"/Game/ParagonMurdock/FX/Materials/P_Decals/M_Particle_Decal_Glow_Undertow.M_Particle_Decal_Glow_Undertow","49","0","20","1","0.000000","0","0"
"/Game/ParagonMurdock/FX/Materials/HeatDistort/M_SteelImpactRefraction.M_SteelImpactRefraction","49","0","88","1","0.000000","0","0"
"/Game/ParagonMurdock/FX/Materials/HeatDistort/M_Shockwave_Refract.M_Shockwave_Refract","49","0","30","1","0.000000","0","0"
"/Game/ParagonMurdock/FX/Materials/Debris/M_Camera_Small_Bolts.M_Camera_Small_Bolts","49","0","20","1","0.000000","0","0"
"/Game/ParagonMurdock/FX/Materials/Tech/M_Ghost_Tech_Holo_Flicker_Spline_CamFade.M_Ghost_Tech_Holo_Flicker_Spline_CamFade","49","0","36","1","0.000000","0","0"
"/Game/ParagonMurdock/FX/Materials/Tech/M_Ghost_Tech_Holo_Flicker_Spline.M_Ghost_Tech_Holo_Flicker_Spline","49","0","36","1","0.000000","0","0"
"/Game/ParagonMurdock/FX/Materials/Smoke/Spline/M_Smoke_SplineMesh_Trail.M_Smoke_SplineMesh_Trail","49","0","50","1","0.000000","0","0"
"/Game/ParagonMurdock/FX/Materials/Smoke/Trails/M_TrailSmoke.M_TrailSmoke","49","0","60","1","0.000000","0","0"
"/Game/ParagonMurdock/FX/Materials/MuzzleFlashes/M_MurdockShottyMuzzle_01.M_MurdockShottyMuzzle_01","49","0","12","1","0.000000","0","0"
"/Game/ParagonMurdock/FX/Materials/Flares/M_SuperSoft_Glow.M_SuperSoft_Glow","49","0","12","1","0.000000","0","0"
"/Game/ParagonMurdock/FX/Materials/Flares/M_MuzzleFlare.M_MuzzleFlare","49","0","9","1","0.000000","0","0"
"/Engine/EditorMaterials/Thumbnails/SkySphereMaterial.SkySphereMaterial","49","0","23","1","0.000000","0","0"
"/Game/FirstPersonArms/Character/Materials/M_Mannequin.M_Mannequin","49","0","60","2","0.000000","0","30"
"/Game/Characters/Mannequins/Materials/M_Mannequin.M_Mannequin","49","0","60","2","0.000000","0","180"
"/Game/LevelPrototyping/Materials/M_PrototypeGrid.M_PrototypeGrid","49","0","69","3","0.000000","0","23"
"/Game/ParagonMurdock/FX/Materials/Water/M_WaterBubbles.M_WaterBubbles","49","0","92","1","0.000000","0","0"
"/Game/ParagonMurdock/FX/Materials/HeroSpecific/M_Eleven_Glow_Core.M_Eleven_Glow_Core","49","0","18","1","0.000000","0","0"
"/Interchange/gltf/M_Unlit.M_Unlit","49","0","70","6","0.000000","0","0"
"/SpeedTreeImporter/SpeedTree9/SpeedTreeBillboardMaster.SpeedTreeBillboardMaster","49","0","66","1","0.000000","0","0"
"/SpeedTreeImporter/SpeedTree9/SpeedTreeMaster.SpeedTreeMaster","49","0","92","1","0.000000","0","0"
"/Interchange/gltf/M_Sheen.M_Sheen","49","0","144","6","0.000000","0","0"
"/Interchange/gltf/M_ClearCoat.M_ClearCoat","49","0","144","6","0.000000","0","0"
"/Interchange/gltf/M_Default.M_Default","49","0","144","6","0.000000","0","0"
"/Interchange/gltf/M_SpecularGlossiness.M_SpecularGlossiness","49","0","144","6","0.000000","0","0"
"/Interchange/gltf/M_Transmission.M_Transmission","49","0","50","2","0.000000","0","0"
"/Game/ParagonMurdock/Characters/Heroes/Murdock/Skins/Tier_1_5/Wasteland/Materials/M_Murdock_Weapon_Waste.M_Murdock_Weapon_Waste","49","0","58","1","0.000000","0","58"
"/Game/ParagonMurdock/Characters/Heroes/Murdock/Skins/Tier_1_5/Wasteland/Materials/M_Murdock_T15at_Waste.M_Murdock_T15at_Waste","49","0","71","1","0.000000","0","71"
"/Game/ParagonMurdock/Characters/Heroes/Murdock/Skins/Tier_1_5/Wasteland/Materials/M_Murdock_LegWasteland.M_Murdock_LegWasteland","49","0","58","1","0.000000","0","116"
"/Game/ParagonMurdock/Characters/Heroes/Murdock/Skins/Tier_1_5/Wasteland/Materials/M_Murdock_Head_Waste.M_Murdock_Head_Waste","49","0","71","1","0.000000","0","142"
"/Game/ParagonMurdock/Characters/Heroes/Murdock/Skins/Tier_1_5/Shogun/Materials/Parent/M_Mur_Shogun_Part.M_Mur_Shogun_Part","49","0","85","1","0.000000","0","170"
"/Game/ParagonMurdock/Characters/Heroes/Murdock/Skins/Tier_1_5/Shogun/Materials/M_Murdock_Weapons_Shogun.M_Murdock_Weapons_Shogun","49","0","58","1","0.000000","0","116"
"/Game/ParagonMurdock/Characters/Heroes/Murdock/Skins/Tier_1_5/Shogun/Materials/M_Murdock_Shogun_Face.M_Murdock_Shogun_Face","49","0","71","1","0.000000","0","71"
"/Game/ParagonMurdock/Characters/Heroes/Murdock/Skins/Tier_1_5/Shogun/Materials/M_Murdock_Legs_Shogun.M_Murdock_Legs_Shogun","49","0","58","1","0.000000","0","116"
"/Game/ParagonMurdock/Characters/Heroes/Murdock/Skins/Tier_1_5/Shogun/Materials/M_Murdock_Body_Shogun.M_Murdock_Body_Shogun","49","0","58","1","0.000000","0","116"
"/Game/ParagonMurdock/Characters/Heroes/Murdock/Skins/Tier_1_5/Shogun/Materials/M_Murdock_Arms_Shogun.M_Murdock_Arms_Shogun","49","0","58","1","0.000000","0","116"
"/Game/ParagonMurdock/Characters/Heroes/Murdock/Skins/Tier_1_5/Wasteland/Materials/M_Murdock_Body_Waste.M_Murdock_Body_Waste","49","0","58","1","0.000000","0","58"
"/Game/ParagonMurdock/Characters/Heroes/Murdock/Skins/Tier_1_5/Wasteland/Materials/M_Murdock_Arm_Waste.M_Murdock_Arm_Waste","49","0","58","1","0.000000","0","116"
"/Game/ParagonMurdock/Characters/Heroes/Murdock/Skins/Tier2/Merc/Materials/M_Murdock_Merc_Weapons.M_Murdock_Merc_Weapons","49","0","71","1","0.000000","0","71"
"/Game/ParagonMurdock/Characters/Heroes/Murdock/Skins/Tier2/Merc/Materials/M_Murdock_Merc_Legs.M_Murdock_Merc_Legs","49","0","71","1","0.000000","0","71"
"/Game/ParagonMurdock/Characters/Heroes/Murdock/Skins/Tier2/Merc/Materials/M_Murdock_Merc.M_Murdock_Merc","49","0","58","1","0.000000","0","116"
"/Game/ParagonMurdock/Characters/Heroes/Murdock/Skins/Tier2/Corrupt/Materials/M_EyeRefractiveCorrupted.M_EyeRefractiveCorrupted","49","0","71","1","0.000000","0","71"
"/Game/ParagonMurdock/Characters/Heroes/Murdock/Skins/Tier2/Corrupt/Materials/M_CorruptMurdock_v01_Weapon.M_CorruptMurdock_v01_Weapon","49","0","71","1","0.000000","0","142"
"/Game/ParagonMurdock/Characters/Heroes/Murdock/Skins/Tier2/Corrupt/Materials/M_CorruptMurdock_v001_Legs.M_CorruptMurdock_v001_Legs","49","0","71","1","0.000000","0","142"
"/Game/ParagonMurdock/Characters/Heroes/Murdock/Skins/Tier2/Corrupt/Materials/M_CorruptMurdock_v001_Body.M_CorruptMurdock_v001_Body","49","0","71","1","0.000000","0","142"
"/Game/ParagonMurdock/Characters/Heroes/Murdock/Skins/Tier2/Corrupt/Materials/M_CorruptMurdock_v001_Arms.M_CorruptMurdock_v001_Arms","49","0","71","1","0.000000","0","142"
"/Game/ParagonMurdock/Characters/Heroes/Murdock/Skins/CS_MatteBlack/Materials/M_Price_Weapons_Black.M_Price_Weapons_Black","49","0","58","1","0.000000","0","58"
"/Game/ParagonMurdock/Characters/Heroes/Murdock/Skins/CS_MatteBlack/Materials/M_Price_Legs_Black.M_Price_Legs_Black","49","0","58","1","0.000000","0","116"
"/Game/ParagonMurdock/Characters/Heroes/Murdock/Skins/CS_MatteBlack/Materials/M_Price_Body_Black.M_Price_Body_Black","49","0","58","1","0.000000","0","116"
"/Game/ParagonMurdock/Characters/Heroes/Murdock/Skins/Tier2/Merc/Materials/M_Murdock_Merc_Body.M_Murdock_Merc_Body","49","0","71","1","0.000000","0","71"
"/Game/ParagonMurdock/Characters/Heroes/Murdock/Skins/Tier2/Corrupt/Materials/M_CorruptMurdock_v01ArmSkin.M_CorruptMurdock_v01ArmSkin","49","0","71","1","0.000000","0","71"
"/Game/ParagonMurdock/Characters/Heroes/Murdock/Skins/Tier2/Corrupt/Materials/M_CorruptMurdock_v001_Head.M_CorruptMurdock_v001_Head","49","0","71","1","0.000000","0","71"
"/Game/ParagonMurdock/Characters/Heroes/Murdock/Skins/A_Executioner/Materials/M_Murdock_WeaponExecutioner.M_Murdock_WeaponExecutioner","49","0","58","1","0.000000","0","116"
"/Game/ParagonMurdock/Characters/Heroes/Murdock/Skins/A_Executioner/Materials/M_Murdock_Glass_pattern.M_Murdock_Glass_pattern","49","0","62","1","0.000000","0","62"
"/Game/ParagonMurdock/Characters/Heroes/Murdock/Skins/A_Executioner/Materials/M_Murdock_Body_Executioner.M_Murdock_Body_Executioner","49","0","58","1","0.000000","0","116"
"/Game/ParagonMurdock/Characters/Heroes/Murdock/Skins/A_Executioner/Materials/M_Murdock_Arms_Executioner.M_Murdock_Arms_Executioner","49","0","58","1","0.000000","0","116"
"/Game/ParagonMurdock/Characters/Heroes/Murdock/Materials/M_Murdock_Weapons.M_Murdock_Weapons","49","0","58","1","0.000000","0","58"
"/Game/ParagonMurdock/Characters/Heroes/Murdock/Materials/M_Murdock_Legs.M_Murdock_Legs","49","0","58","1","0.000000","0","58"
"/Game/ParagonMurdock/Characters/Heroes/Murdock/Materials/M_Murdock_Glass.M_Murdock_Glass","49","0","75","1","0.000000","0","75"
"/Game/ParagonMurdock/Characters/Global/Mouth/Materials/M_Mouth_Master.M_Mouth_Master","49","0","71","1","0.000000","0","71"
"/Game/ParagonMurdock/Characters/Heroes/Murdock/Skins/CS_MatteBlack/Materials/M_Price_Arms_Black.M_Price_Arms_Black","49","0","58","1","0.000000","0","58"
"/Game/ParagonMurdock/Characters/Heroes/Murdock/Skins/CS_Magma/Materials/M_Murdock_Weapons_Magma_CS.M_Murdock_Weapons_Magma_CS","49","0","58","1","0.000000","0","58"
"/Game/ParagonMurdock/Characters/Heroes/Murdock/Skins/CS_Magma/Materials/M_Murdock_Legs_Magma_CS.M_Murdock_Legs_Magma_CS","49","0","58","1","0.000000","0","116"
"/Game/ParagonMurdock/Characters/Heroes/Murdock/Skins/CS_Magma/Materials/M_Murdock_Body_Magma_CS.M_Murdock_Body_Magma_CS","49","0","58","1","0.000000","0","116"
"/Game/ParagonMurdock/Characters/Heroes/Murdock/Skins/CS_Magma/Materials/M_Murdock_Arms_Magma_CS.M_Murdock_Arms_Magma_CS","49","0","58","1","0.000000","0","58"
"/Game/ParagonMurdock/Characters/Heroes/Murdock/Skins/A_Executioner/Materials/M_Murdock_Legs_Executioner.M_Murdock_Legs_Executioner","49","0","58","1","0.000000","0","116"
"/Game/ParagonMurdock/Characters/Heroes/Murdock/Materials/M_Murdock_Head.M_Murdock_Head","49","0","58","1","0.000000","0","58"
"/Game/ParagonMurdock/Characters/Heroes/Murdock/Materials/M_Murdock_Body.M_Murdock_Body","49","0","58","1","0.000000","0","58"
"/Game/ParagonMurdock/Characters/Heroes/Murdock/Materials/M_Murdock_Arms.M_Murdock_Arms","49","0","58","1","0.000000","0","116"
"/Game/ParagonMurdock/Characters/Global/Glass/M_Glass_Master.M_Glass_Master","49","0","486","3","0.000000","0","486"
"/Game/ParagonMurdock/Characters/Global/Eyes/Materials/M_TearDuct_2.M_TearDuct_2","49","0","98","1","0.000000","0","98"
"/Game/ParagonMurdock/Characters/Global/Eyes/Materials/M_EyeRefractive.M_EyeRefractive","49","0","98","1","0.000000","0","98"
"/Game/ParagonMurdock/Characters/Global/Eyes/Materials/M_TearLine.M_TearLine","49","0","99","1","0.000000","0","99"
"/Game/ParagonMurdock/FX/Materials/Flares/M_LensFlareMaster.M_LensFlareMaster","49","0","54","2","0.000000","0","0"
"/Engine/EditorMaterials/WidgetVertexColorMaterial.WidgetVertexColorMaterial","49","0","5","1","0.000000","0","0"
"/Engine/EditorMaterials/Cloth/CameraLitVertexColor.CameraLitVertexColor","49","0","20","1","0.000000","0","0"
"/Engine/EditorMaterials/Cloth/CameraLitDoubleSided.CameraLitDoubleSided","49","0","20","1","0.000000","0","0"
